,links
0,https://nhadat24h.net/ban-dat-nen-du-an-da-nang/page1
1,https://nhadat24h.net/ban-dat-nen-du-an-da-nang/page2
2,https://nhadat24h.net/ban-dat-nen-du-an-da-nang/page3
3,https://nhadat24h.net/ban-dat-nen-du-an-da-nang/page4
4,https://nhadat24h.net/ban-dat-nen-du-an-da-nang/page5
5,https://nhadat24h.net/ban-dat-nen-du-an-da-nang/page6
6,https://nhadat24h.net/ban-dat-nen-du-an-da-nang/page7
7,https://nhadat24h.net/ban-dat-nen-du-an-da-nang/page8
8,https://nhadat24h.net/ban-dat-nen-du-an-da-nang/page9
9,https://nhadat24h.net/ban-dat-nen-du-an-da-nang/page10
10,https://nhadat24h.net/ban-dat-nen-du-an-da-nang/page11
11,https://nhadat24h.net/ban-dat-nen-du-an-da-nang/page12
12,https://nhadat24h.net/ban-dat-nen-du-an-da-nang/page13
13,https://nhadat24h.net/ban-dat-nen-du-an-da-nang/page14
14,https://nhadat24h.net/ban-dat-nen-du-an-da-nang/page15
15,https://nhadat24h.net/ban-dat-nen-du-an-da-nang/page16
16,https://nhadat24h.net/ban-dat-nen-du-an-da-nang/page17
17,https://nhadat24h.net/ban-dat-nen-du-an-da-nang/page18
18,https://nhadat24h.net/ban-dat-nen-du-an-da-nang/page19
19,https://nhadat24h.net/ban-dat-nen-du-an-da-nang/page20
20,https://nhadat24h.net/ban-dat-nen-du-an-da-nang/page21
21,https://nhadat24h.net/ban-dat-nen-du-an-da-nang/page22
22,https://nhadat24h.net/ban-dat-nen-du-an-da-nang/page23
23,https://nhadat24h.net/ban-dat-nen-du-an-da-nang/page24
24,https://nhadat24h.net/ban-dat-nen-du-an-da-nang/page25
25,https://nhadat24h.net/ban-dat-nen-du-an-da-nang/page26
26,https://nhadat24h.net/ban-dat-nen-du-an-da-nang/page27
27,https://nhadat24h.net/ban-dat-nen-du-an-da-nang/page28
28,https://nhadat24h.net/ban-dat-nen-du-an-da-nang/page29
29,https://nhadat24h.net/ban-dat-nen-du-an-da-nang/page30
30,https://nhadat24h.net/ban-dat-nen-du-an-da-nang/page31
31,https://nhadat24h.net/ban-dat-nen-du-an-da-nang/page32
32,https://nhadat24h.net/ban-dat-nen-du-an-da-nang/page33
33,https://nhadat24h.net/ban-dat-nen-du-an-da-nang/page34
34,https://nhadat24h.net/ban-dat-nen-du-an-da-nang/page35
35,https://nhadat24h.net/ban-dat-nen-du-an-da-nang/page36
36,https://nhadat24h.net/ban-dat-nen-du-an-da-nang/page37
37,https://nhadat24h.net/ban-dat-nen-du-an-da-nang/page38
